"targets","layer","name","description","fld_value","units","filename","clip_n_ship_disag","clip_n_ship_disag_description","layer_gl","path_in","rgns_in","fld_id_num","fld_id_chr","fld_category","fld_year","fld_val_num","fld_val_chr","file_exists","year_min","year_max","val_min","val_max","val_0to1","flds_unused","flds_missing","rows_duplicated","num_ids_unique","data_na"
"AO","ao_access","Fisheries management effectiveness and opportunity","The opportunity for artisanal and recreational fishing based on the quality of management of the small- scale fishing sector (Mora et al 2009).

Data sources:

- Mora, C., Myers, R.A., Coll, M., Libralato, S., Pitcher, T.J., Sumaila, R.U., Worm, B. (2009). **Management Effectiveness of the Worldï¿s Marine Fisheries**. _PLoS Biol_, 7(6), e1000131. [doi:10.1371/journal.pbio.1000131](http://dx.doi.org/10.1371/journal.pbio.1000131)","value","value","ao_access_gl2014.csv","equal","global management effectiveness scores were applied equally to all regions.","ao_access","~/github/ohi-global/eez2014/layers/ao_access.csv","global","rgn_id",,,,"value",,TRUE,,,0.632,0.632,TRUE,,,,11,FALSE
"AO","ao_need","Purchasing power parity as a proxy for subsistence fishing need, by region","The per capita purchasing power parity (PPP) adjusted gross domestic product (GDP): GDPpcPPP.

Data sources:

- The World Bank [GDP per capita, PPP (current international $)](http://data.worldbank.org/indicator/NY.GDP.PCAP.PP.CD)","value","value","ao_need_gl2014.csv","equal","global purchasing power parity information was applied equally to all regions.","ao_need","~/github/ohi-global/eez2014/layers/ao_need.csv","global","rgn_id",,,"year","value",,TRUE,1990,2013,0.265028939817747,0.345998816967882,TRUE,,,,11,FALSE
"CW","cw_coastalpopn_trend","Coastal human population as a proxy for trend in trash","Coastal population, defined as the total population inland of 25 miles, extracted from Gridded Population of the World (GPW) Population Density Grid Future Estimates.

Data sources:

- Center for International Earth Science Information Network (CIESIN)/Columbia University 
- CIESIN & CIAT (Center for International Earth Science Information Network (CIESIN)/Columbia University, & Centro Internacional de Agricultura Tropical (CIAT)) (2005). **Gridded Population of the World, Version 3 (GPWv3): Population Density Grid, Future Estimates**. Palisades, NY. [NASA Socioeconomic Data and Applications Center (SEDAC)](http://sedac.ciesin.columbia.edu/data/set/gpw-v3-population-density-future-estimates)","trend","trend score","cw_coastalpopn_trend_gl2014.csv","equal","global trends were applied equally to all regions.","cw_coastalpopn_trend","~/github/ohi-global/eez2014/layers/cw_coastalpopn_trend.csv","global","rgn_id",,,,"trend",,TRUE,,,0.0127152483554689,0.0127152483554689,TRUE,,,,11,FALSE
"CW","cw_fertilizer_trend","Fertilizer consumption as a proxy for trend in nutrient pollution","Statistics on fertilizer consumption from the Food and Agricultural Organization (FAO). 

Data sources:

- [FAOâs statistical database FAOSTAT](http://faostat3.fao.org/faostat-gateway/go/to/browse/R/*/E).","trend.score","trend score","cw_fertilizer_trend_gl2014.csv","equal","global trends were applied equally to all regions.","cw_fertilizer_trend","~/github/ohi-global/eez2014/layers/cw_fertilizer_trend.csv","global","rgn_id",,,,"trend.score",,TRUE,,,-0.334640787457668,-0.334640787457668,FALSE,,,,11,FALSE
"CW","cw_pathogen_trend","Trends in access to improved sanitation as a proxy for pathogen pollution trend","Trends in percent of population with access to improved sanitation facilities.

Data sources:

- [World Health Organization and United Nations Children's Fund's Joint Monitoring Programme (WHO/UNICEF's JMP)](http://www.wssinfo.org/data-estimates/table)
","trend","trend score","cw_pathogen_trend_gl2014.csv","equal","global trends were applied equally to all regions.","cw_pathogen_trend","~/github/ohi-global/eez2014/layers/cw_pathogen_trend.csv","global","rgn_id",,,,"trend",,TRUE,,,0.00180334134904084,0.00180334134904084,TRUE,,,,11,FALSE
"CW","cw_pesticide_trend","Pesticide consumption as a proxy for trend in chemical pollution","Statistics on pesticide consumption from the Food and Agricultural Organization (FAO). 

Data sources:

- [FAOâs statistical database FAOSTAT](http://faostat3.fao.org/faostat-gateway/go/to/browse/R/*/E).
","trend.score","trend score","cw_pesticide_trend_gl2014.csv","equal","global trends were applied equally to all regions.","cw_pesticide_trend","~/github/ohi-global/eez2014/layers/cw_pesticide_trend.csv","global","rgn_id",,,,"trend.score",,TRUE,,,0.013564995237138,0.013564995237138,TRUE,,,,11,FALSE
"FIS","fis_b_bmsy","B/Bmsy estimates obtained using the catch-MSY method","The ratio of population abundance compared to the abundance required to deliver maximum sustainable yield, obtained from the catch-MSY model (Martell & Froese, 2013).

Data sources:

- Martell, S., & Froese, R. (2013). **A simple method for estimating MSY from catch and resilience**. _Fish and Fisheries_ 14(4): 504-514. [doi:10.1111/j.1467-2979.2012.00485.x](https://dx/doi/org/10.1111/j.1467-2979.2012.00485.x)
","b_bmsy","B / B_msy","fis_b_bmsy_gl2014.csv","equal","global b_bmsy information was applied equally to all regions.","fis_b_bmsy","~/github/ohi-global/eez2014/layers/fis_b_bmsy.csv","global","fao_id",,"taxon_name","year","b_bmsy",,TRUE,1954,2011,0.0543516096887502,1.98695925324803,FALSE,,,,11,FALSE
"FIS","fis_meancatch","Catch data for each Taxon/FAO/SAUP region averaged across years (1980-2011)","Mean catch-per-taxon values within each FAO major fishing area.

Data sources:

- [FAO Major Fishing Areas](http://www.fao.org/fishery/area/search/en)","mean_catch","metric tons","fis_meancatch_gl2014.csv","equal","global mean catch information was applied equally to all regions.","fis_meancatch","~/github/ohi-global/eez2014/layers/fis_meancatch.csv","global",,"fao_saup_id","taxon_name_key","year","mean_catch",,TRUE,2006,2011,8.17638e-18,4787769.75544375,FALSE,,,,11,FALSE
"FIS","fis_proparea_saup2rgn","area of each saup/total OHI reporting region","Lookup table of Sea Around Us Project regions to Ocean Health Index region identifiers.

Data sources:

- [Sea Around Us Project (SAUP)](http://www.seaaroundus.org)
","prop_area","proportion of area","fis_proparea_saup2rgn_sc2014-area-offshore.csv","area_offshore","global proportional area were applied to each region after weighting by each region's offshore area.","fis_proparea_saup2rgn","~/github/ohi-global/eez2014/layers/fis_proparea_saup2rgn.csv","global","rgn_id",,"saup_id",,"prop_area",,TRUE,,,0.00122077159548968,0.394775000080508,TRUE,,,,11,FALSE
"FP","fp_wildcaught_weight","Fisheries weighting factor","Proportion of wild caught fisheries yield to mariculture yield, based on FAO fisheries statistics.

Data sources:

- [FAO fisheries statistics](http://www.fao.org/fishery/statistics/global-capture-production/en)","w_fis","value","fp_wildcaught_weight_gl2014.csv","equal","global weights were applied equally to all regions. ","fp_wildcaught_weight","~/github/ohi-global/eez2014/layers/fp_wildcaught_weight.csv","global","rgn_id",,,,"w_fis",,TRUE,,,0.847930314596409,0.847930314596409,TRUE,,,,11,FALSE
"HAB CS CP","hab_extent","Habitat extent","Modeled combined habitat extent","km2","km^2","hab_extent_gl2014.csv","raster | area_offshore","","hab_extent","~/github/ohi-global/eez2014/layers/hab_extent.csv","global","rgn_id",,"habitat",,"km2",,TRUE,,,0,2721990,FALSE,,,,11,FALSE
"HAB CS CP","hab_health","Habitat health","Modeled combined habitat health condition trend","health","value","hab_health_gl2014.csv","equal","global habitat health was applied equally to all regions. ","hab_health","~/github/ohi-global/eez2014/layers/hab_health.csv","global","rgn_id",,"habitat",,"health",,TRUE,,,0.5,1,TRUE,,,,11,FALSE
"HAB CS CP","hab_trend","Habitat health trend","Modeled combined habitat health trend","trend","trend score","hab_trend_gl2014.csv","equal","global trends were applied equally to all regions.","hab_trend","~/github/ohi-global/eez2014/layers/hab_trend.csv","global","rgn_id",,"habitat",,"trend",,TRUE,,,-0.00843554007698969,0,FALSE,,,,11,FALSE
"ICO","ico_spp_extinction_status","IUCN extinction risk category for iconic species","International Union for Conservation of Nature (IUCN) Red List threat categories with aggregated species lists 

Data sources:

- [International Union for Conservation of Nature (IUCN)](http://www.iucnredlist.org/technical-documents/classification-schemes/threats-classification-scheme)
","category","category","ico_spp_extinction_status_gl2014.csv","equal","global status was applied equally to all regions. ","ico_spp_extinction_status","~/github/ohi-global/eez2014/layers/ico_spp_extinction_status.csv","global","rgn_id",,"sciname",,,"category",TRUE,,,,,FALSE,,,,11,
"ICO","ico_spp_popn_trend","IUCN population trend as a proxy for iconic species trend","International Union for Conservation of Nature (IUCN) Red List threat categories with aggregated species lists 

Data sources:

- [International Union for Conservation of Nature (IUCN)](http://www.iucnredlist.org/technical-documents/classification-schemes/threats-classification-scheme)
","popn_trend","trend score","ico_spp_popn_trend_gl2014.csv","equal","global trends were applied equally to all regions.","ico_spp_popn_trend","~/github/ohi-global/eez2014/layers/ico_spp_popn_trend.csv","global","rgn_id",,"sciname",,,"popn_trend",TRUE,,,,,FALSE,,,,11,
"LE","le_gdp","GDP","Gross Domestic Product (GDP) data (reported in 2012 US dollars) from The World Bank.

Data sources:

- [The World Bank](data.worldbank.org/indicator/NY.GDP.MKTP.CD)
","usd","2010 USD","le_gdp_sc2014-popn-inland25km.csv","population_inland25km","global GDP data were applied to each region after weighting by each region's coastal population.","le_gdp","~/github/ohi-global/eez2014/layers/le_gdp.csv","global","rgn_id",,,"year","usd",,TRUE,1998,2011,2313314.09199272,863651245183.85,FALSE,,,,11,FALSE
"LE","le_jobs_sector_year","Jobs","gapfilled","value","jobs","le_jobs_sector_year_gl2014.csv","equal","global trends were applied equally to each region. ","le_jobs_sector_year","~/github/ohi-global/eez2014/layers/le_jobs_sector_year.csv","global","rgn_id",,"sector","year","value",,TRUE,1999,2010,8.695,332943.422695,FALSE,,,,11,FALSE
"LE","le_unemployment","Unemployment","gapfilled","percent","percent unemployed","le_unemployment_gl2014.csv","equal","global unemployment percentages were applied equally to each region. ","le_unemployment","~/github/ohi-global/eez2014/layers/le_unemployment.csv","global","rgn_id",,,"year","percent",,TRUE,1999,2010,6.00533832000001,8.25970273,FALSE,,,,11,FALSE
"LE","le_wage_sector_year","Wages","gapfilled","value","2010 USD","le_wage_sector_year_gl2014.csv","equal","global wages were applied equally to each region. ","le_wage_sector_year","~/github/ohi-global/eez2014/layers/le_wage_sector_year.csv","global","rgn_id",,"sector","year","value",,TRUE,1997,2008,15095.1508524751,79921.5119190706,FALSE,,,,11,FALSE
"LE","le_workforcesize_adj","Modeled Livelihoods & Economies data","adjusted workforce size","jobs","jobs","le_workforcesize_adj_sc2014-popn-inland25km.csv","population_inland25km","global workforce data were applied to each region after weighting by each region's coastal population.","le_workforcesize_adj","~/github/ohi-global/eez2014/layers/le_workforcesize_adj.csv","global","rgn_id",,,"year","jobs",,TRUE,1990,2012,55.210801248089,9621812.25818343,FALSE,,,,11,FALSE
"LE pressures","le_sector_weight","Jobs weighting","Jobs weighting by sector (defaulting to 1)","weight","value","le_sector_weight_gl2014.csv","equal","","le_sector_weight","~/github/ohi-global/eez2014/layers/le_sector_weight.csv","global","rgn_id",,"sector",,"weight",,TRUE,,,1,1,TRUE,,,,11,FALSE
"LIV ECO","le_popn","Total population by subregion","Population data from The World Bank","count","count","le_popn_gl2014.csv","equal","","le_popn","~/github/ohi-global/eez2014/layers/le_popn.csv","global","rgn_id",,,"year","count",,TRUE,1960,2012,17909009,34880491,FALSE,,,,11,FALSE
"LSP","lsp_prot_area_inland1km","Coastal protected areas inland 1km","Coastal protected areas inland to 1km from the UN WDPA. 

Data sources:

- United Nations - World Conservation Monitoring Centreâs World Database on Protected Areas (WDPA) through [Protected Planet](http://www.protectedplanet.net)","area_km2","km^2","lsp_prot_area_inland1km_gl2014.csv","raster | area_inland1km","","lsp_prot_area_inland1km","~/github/ohi-global/eez2014/layers/lsp_prot_area_inland1km.csv","global","rgn_id",,,"year","area_km2",,TRUE,0,2011,1,2043,FALSE,,,,11,FALSE
"LSP","lsp_prot_area_offshore3nm","Coastal marine protected areas offshore 3km","Coastal protected areas offshore to 3nm from the UN WDPA. 

Data sources:

- United Nations - World Conservation Monitoring Centreâs World Database on Protected Areas (WDPA) through [Protected Planet](http://www.protectedplanet.net)","area_km2","km^2","lsp_prot_area_offshore3nm_gl2014.csv","raster | area_offshore3nm","","lsp_prot_area_offshore3nm","~/github/ohi-global/eez2014/layers/lsp_prot_area_offshore3nm.csv","global","rgn_id",,,"year","area_km2",,TRUE,0,2010,1,6202,FALSE,,,,11,FALSE
"MAR","mar_coastalpopn_inland25km","Coastal population inland 25 kilometers","Coastal population, defined as the total population inland of 25 kilometers, extracted from Gridded Population of the World (GPW) Population Density Grid Future Estimates.

Data sources:

- Center for International Earth Science Information Network (CIESIN)/Columbia University 
- CIESIN & CIAT (Center for International Earth Science Information Network (CIESIN)/Columbia University, & Centro Internacional de Agricultura Tropical (CIAT)) (2005). **Gridded Population of the World, Version 3 (GPWv3): Population Density Grid, Future Estimates**. Palisades, NY. [NASA Socioeconomic Data and Applications Center (SEDAC)](http://sedac.ciesin.columbia.edu/data/set/gpw-v3-population-density-future-estimates)","popsum","people","mar_coastalpopn_inland25km_sc2014-raster.csv","raster","spatial data was extracted for each region. ","mar_coastalpopn_inland25mi","/var/data/ohi/git-annex/clip-n-ship/can/layers/mar_coastalpopn_inland25km_lyr.csv","subcountry","rgn_id",,,"year","popsum",,TRUE,2005,2015,19.5246458373004,2997684.2303462,FALSE,,,,11,FALSE
"MAR","mar_harvest_species","Mariculture species harvested","Lookup table for mariculture: species Latin names and species code. 

Data sources:

- [FAO global aquaculture production](http://www.fao.org/fishery/statistics/global-aquaculture-production/en)","species","species name","mar_harvest_species_gl2014.csv","equal","global mariculture species were applied equally to each region.","mar_harvest_species","~/github/ohi-global/eez2014/layers/mar_harvest_species.csv","global",,,"species_code",,,"species",TRUE,,,,,FALSE,,,,11,
"MAR","mar_harvest_tonnes","Mariculture harvest","Mariculture harvest from the FAO. 

Data sources:

- [FAO global aquaculture production](http://www.fao.org/fishery/statistics/global-aquaculture-production/en)","tonnes","tons","mar_harvest_tonnes_sc2014-area-offshore3nm.csv","area_offshore_3nm","global mariculture harvest (tonnes) data were applied to each region after weighting by each region's offshore area to 3nm. ","mar_harvest_tonnes","~/github/ohi-global/eez2014/layers/mar_harvest_tonnes.csv","global","rgn_id",,"species_code","year","tonnes",,TRUE,2003,2012,0,41302.1841621441,FALSE,,,,11,FALSE
"MAR","mar_sustainability_score","Mariculture sustainability score","Mariculture sustainability and mariculture regulations indicated by the Mariculture Sustainability Index (MSI). 

Data sources:

- Trujillo P. (2008). **Using a mariculture sustainability index to rank countriesâ performances**. In: A comparative assessment of biodiversity, fisheries and aquaculture in 53 countriesâ Exclusive Economic Zones, Alder J, Pauly D, editors. _Fisheries Centre Research Report_, vol. 16(7) p. 28â56.","sust_coeff","sustainability","mar_sustainability_score_gl2014.csv","equal","global mariculture sustainability scores were applied equally to each region.","mar_sustainability_score","~/github/ohi-global/eez2014/layers/mar_sustainability_score.csv","global","rgn_id",,"species",,"sust_coeff",,TRUE,,,0.17,0.93,TRUE,,,,11,FALSE
"MAR","mar_trend_years","Mariculture years used for trend","Mariculture years used for trend","trend_yrs","year string","mar_trend_years_gl2014.csv","equal","global trends were applied equally to each region.","mar_trend_years","~/github/ohi-global/eez2014/layers/mar_trend_years.csv","global","rgn_id",,,,,"trend_yrs",TRUE,,,,,FALSE,,,,11,
"NP","np_blast","Areas of observed blast (dynamite) fishing","The presence of destructive artisanal blast fishing (Reefs at Risk Revisited).

Data sources:

- [Reefs at Risk Revisited](http://www.wri.org/publication/reefs-at-risk-revisited) 
","score","pressure score","np_blast_gl2014.csv","equal","global scores were applied equally to each region. ","np_blast","~/github/ohi-global/eez2014/layers/np_blast.csv","global","rgn_id",,,,"score",,TRUE,,,0.182184126332102,0.182184126332102,TRUE,,,,11,FALSE
"NP","np_cyanide","Areas of observed poison fishing","The presence of destructive artisanal poison (cyanide) fishing (Reefs at Risk Revisited).

Data sources:

- [Reefs at Risk Revisited](www.wri.org/publication/reefs-at-risk-revisited) 
","score","pressure score","np_cyanide_gl2014.csv","equal","global scores were applied equally to each region. ","np_cyanide","~/github/ohi-global/eez2014/layers/np_cyanide.csv","global","rgn_id",,,,"score",,TRUE,,,0.168334869165867,0.168334869165867,TRUE,,,,11,FALSE
"NP","np_harvest_product_weight","Ratio of product peak harvest value (in 2010 USD) divided by sum of all product peak harvest values, per region","Ratio of harvest of of six marine products (coral, fish oil, seaweed and plants, shells, sponges, ornamental fish) from FAO.

Data sources:

- [FAO fisheries statistics](http://www.fao.org/fishery/statistics/global-capture-production/en)","weight","score","np_harvest_product_weight_gl2014.csv","equal","global weights were applied equally to each region. ","np_harvest_product_weight","~/github/ohi-global/eez2014/layers/np_harvest_product_weight.csv","global","rgn_id",,"product",,"weight",,TRUE,,,0.00218568441121784,0.751531911421811,TRUE,,,,11,FALSE
"NP","np_harvest_tonnes","Harvest yield of marine natural products, smoothed","Yield in metric tonnes of six marine products (coral, fish oil, seaweed and plants, shells, sponges, ornamental fish) from FAO.

Data sources:

- [FAO fisheries statistics](http://www.fao.org/fishery/statistics/global-capture-production/en)","tonnes","metric tonnes","np_harvest_tonnes_sc2014-area-offshore3nm.csv","area_offshore_3nm","global harvest (tonnes) was applied to each region after weighting by each region's offshore area to 3nm. ","np_harvest_tonnes","~/github/ohi-global/eez2014/layers/np_harvest_tonnes.csv","global","rgn_id",,"product","year","tonnes",,TRUE,1976,2011,0.00240846828541687,6529.4002232471,FALSE,,,,11,FALSE
"NP","np_harvest_tonnes_relative","Harvest ratio to peak yeild of marine natural products","Ratio to max yield (tonnes) of product peak for six marine products (coral, fish oil, seaweed and plants, shells, sponges, ornamental fish) from FAO.

Data sources:

- [FAO fisheries statistics](http://www.fao.org/fishery/statistics/global-capture-production/en)","tonnes_rel","score","np_harvest_tonnes_relative_gl2014.csv","equal","global scores were applied equally to each region. ","np_harvest_tonnes_relative","~/github/ohi-global/eez2014/layers/np_harvest_tonnes_relative.csv","global","rgn_id",,"product","year","tonnes_rel",,TRUE,1976,2011,0.0778967867575462,1,TRUE,,,,11,FALSE
"NP","np_harvest_usd","Harvest value of marine natural products, smoothed","Value in 2010 US dollars of six marine products (coral, fish oil, seaweed and plants, shells, sponges, ornamental fish) from FAO.

Data sources:

- [FAO fisheries statistics](http://www.fao.org/fishery/statistics/global-capture-production/en)
","usd","2010 USD","np_harvest_usd_gl2014.csv","equal","global harvest (usd), used as a weighting score, was applied equally to all regions. ","np_harvest_usd","~/github/ohi-global/eez2014/layers/np_harvest_usd.csv","global","rgn_id",,"product","year","usd",,TRUE,1976,2011,5.33333333333333,43754,FALSE,,,,11,FALSE
"NP","np_harvest_usd_relative","Harvest ratio to peak value of marine natural products","Ratio to max value (2010 USD) of product peak of six marine products (coral, fish oil, seaweed and plants, shells, sponges, ornamental fish) from FAO.

Data sources:

- [FAO fisheries statistics](http://www.fao.org/fishery/statistics/global-capture-production/en)
","usd_rel","score","np_harvest_usd_relative_gl2014.csv","equal","global scores were applied equally to each region. ","np_harvest_usd_relative","~/github/ohi-global/eez2014/layers/np_harvest_usd_relative.csv","global","rgn_id",,"product","year","usd_rel",,TRUE,1976,2011,0.0644803788222256,1,TRUE,,,,11,FALSE
"SPP","spp_status","Species lists and IUCN threat categories as a proxy for iconic species status","International Union for Conservation of Nature (IUCN) Red List threat categories with aggregated species lists.

Data sources:

- [International Union for Conservation of Nature (IUCN)](http://www.iucnredlist.org/technical-documents/classification-schemes/threats-classification-scheme)
","score","status score","spp_status_gl2014.csv","equal","global scores were applied equally to each region. ","spp_status","~/github/ohi-global/eez2014/layers/spp_status.csv","global","rgn_id",,,,"score",,TRUE,,,0.842236247337683,0.842236247337683,TRUE,,,,11,FALSE
"SPP","spp_trend","Species lists and IUCN threat categories as a proxy for iconic species trend","International Union for Conservation of Nature (IUCN) Red List threat categories with aggregated species lists.

Data sources:

- [International Union for Conservation of Nature (IUCN)](http://www.iucnredlist.org/technical-documents/classification-schemes/threats-classification-scheme)
","score","trend score","spp_trend_gl2014.csv","equal","global trends were applied equally to each region. ","spp_trend","~/github/ohi-global/eez2014/layers/spp_trend.csv","global","rgn_id",,,,"score",,TRUE,,,-0.0787569014661907,-0.0787569014661907,FALSE,,,,11,FALSE
"TR","tr_jobs_total","Total labor force","Total labor force (number of people 15 years old and older who can supply labor for the production of goods and services) from World Bank assessments.

Data sources:

- [The World Bank](http://data.worldbank.org/indicator/SL.TLF.TOTL.IN)
","count","jobs","tr_jobs_total_sc2014-popn-inland25km.csv","population_inland25km","global total labor force data were applied to each region after weighting by each region's coastal population.","tr_jobs_total","~/github/ohi-global/eez2014/layers/tr_jobs_total.csv","global","rgn_id",,,"year","count",,TRUE,1990,2012,55.210801248089,9621812.25818343,FALSE,,,,11,FALSE
"TR","tr_jobs_tourism","Direct employment in tourism","Direct employment in tourism (WTTC).

Data sources:

- [World Travel and Tourism Council (WTTC)](http://www.wttc.org/research/economic-data-search-tool/)
","count","jobs","tr_jobs_tourism_sc2014-popn-inland25km.csv","population_inland25km","global tourism employee data were applied to each region after weighting by each region's coastal population.","tr_jobs_tourism","~/github/ohi-global/eez2014/layers/tr_jobs_tourism.csv","global","rgn_id",,,"year","count",,TRUE,1988,2013,0.883668684839119,223020.565776285,FALSE,,,,11,FALSE
"TR","tr_sustainability","Sustainability index","Tourism Competitiveness Index (TTCI) from the World Economic Forum","score","score","tr_sustainability_gl2014.csv","equal ","global scores were applied equally to each region. ","tr_sustainability","~/github/ohi-global/eez2014/layers/tr_sustainability.csv","global","rgn_id",,,,"score",,TRUE,,,5.28,5.28,FALSE,,,,11,FALSE
"TR","tr_unemployment","Percent unemployment","Percent unemployment (The World Bank).

Data sources:

- [The World Bank](http://data.worldbank.org/indicator/SL.UEM.TOTL.ZS)
","percent","percent unemployed","tr_unemployment_gl2014.csv","equal","global unemployment percentages were applied equally to each region. ","tr_unemployment","~/github/ohi-global/eez2014/layers/tr_unemployment.csv","global","rgn_id",,,"year","percent",,TRUE,1980,2012,6,12,FALSE,,,,11,FALSE
"pressures","cc_acid","Ocean acidification","Modeled distribution of the aragonite saturation state (AAS) of the ocean in pre-industrial (~1870) and modern times (2000-2009) (Halpern et al. 2008).

Data sources:

- Halpern, B.S., Walbridge S., Selkoe, K.A., Kappel, C.V., Micheli, F., D'Agrosa, C., Bruno, J.F., Casey, K.S., Ebert, C., Fox, H.E., Fujita, R., Heinemann, D., Lenihan, H.S., Madin, E.M.P., Perry, M.T., Selig, E.R., Spalding, M., Steneck, R., Watson, R. (2008) **A global map of human impact on marine ecosystems**. _Science_, 3199(5865): 948-952. [doi:10.1126/science.1149345](http://dx.doi.org/10.1126/science.1149345)","pressure_score","pressure score","cc_acid_gl2014.csv","raster | equal","","cc_acid","~/github/ohi-global/eez2014/layers/cc_acid.csv","global","rgn_id",,,,"pressure_score",,TRUE,,,0.503129,0.503129,TRUE,,,,11,FALSE
"pressures","cc_slr","Sea level rise","Modeled sea level rise (Nicholls and Cazenave 2010).

Data sources:

- Nicholls R.J. and Cazenave A. (2010). **Sea-level rise and its impact on coastal zones**. _Science_ 328: 1517-1520. [doi:10.1126/science.1185782](http://dx.doi.org/10.1126/science.1185782). 
- [AVISO Satellite Altimetry Data](http://www.aviso.oceanobs.com/en/news/ocean-indicators/mean-sea-level/processing-corrections.html)","pressure_score","pressure score","cc_slr_gl2014.csv","raster | equal","","cc_slr","~/github/ohi-global/eez2014/layers/cc_slr.csv","global","rgn_id",,,,"pressure_score",,TRUE,,,0.218289352561154,0.218289352561154,TRUE,,,,11,FALSE
"pressures","cc_sst","Sea surface temperature (SST) anomalies","Modeled sea surface temperature (Halpern et al. 2008) based on temperature anomolies provided by GHRSST and the US National Oceanographic Data Center.

Data sources:

- Halpern, B.S., Walbridge S., Selkoe, K.A., Kappel, C.V., Micheli, F., D'Agrosa, C., Bruno, J.F., Casey, K.S., Ebert, C., Fox, H.E., Fujita, R., Heinemann, D., Lenihan, H.S., Madin, E.M.P., Perry, M.T., Selig, E.R., Spalding, M., Steneck, R., Watson, R. (2008) **A global map of human impact on marine ecosystems**. _Science_, 3199(5865): 948-952. [doi:10.1126/science.1149345](http://dx.doi.org/10.1126/science.1149345)
- [AVHRR Pathfinder Version 5.0 SST data](http://pathfinder.nodc.noaa.gov) 
- Casey, K.S., Brandon, T.B., Cornillon, P., and Evans, R. (2010). **The Past, Present and Future of the AVHRR Pathfinder SST Program**, _Oceanography from Space: Revisited_, eds. V. Barale, J.F.R. Gower, and L. Alberotanza, Springer. [doi:10.1007/978-90-481-8681-5_16](http://dx.doi.org/10.1007/978-90-481-8681-5_16) ","pressure_score","pressure score","cc_sst_gl2014.csv","raster | equal","","cc_sst","~/github/ohi-global/eez2014/layers/cc_sst.csv","global","rgn_id",,,,"pressure_score",,TRUE,,,0.0902070868428696,0.0902070868428696,TRUE,,,,11,FALSE
"pressures","cc_uv","UV radiation","Modeled UV radiation (Halpern et al. 2008) based on Erythemal UV Irradiance data provided by GES DISC.

Data sources:

- Halpern, B.S., Walbridge S., Selkoe, K.A., Kappel, C.V., Micheli, F., D'Agrosa, C., Bruno, J.F., Casey, K.S., Ebert, C., Fox, H.E., Fujita, R., Heinemann, D., Lenihan, H.S., Madin, E.M.P., Perry, M.T., Selig, E.R., Spalding, M., Steneck, R., Watson, R. (2008) **A global map of human impact on marine ecosystems**. _Science_, 3199(5865): 948-952. [doi:10.1126/science.1149345](http://dx.doi.org/10.1126/science.1149345)
- [Goddard Earth Sciences Data and Information Services Center (GES DISC)](http://disc.sci.gsfc.nasa.gov/data-holdings/PIP/erythemal_uv_irradiance.shtml)
","pressure_score","pressure score","cc_uv_gl2014.csv","raster | equal","","cc_uv","~/github/ohi-global/eez2014/layers/cc_uv.csv","global","rgn_id",,,,"pressure_score",,TRUE,,,0.827232807742198,0.827232807742198,TRUE,,,,11,FALSE
"pressures","fp_art_hb","High bycatch caused by artisanal fishing ","The presence of destructive artisanal blast and poison (cyanide) fishing (Reefs at Risk Revisited).

Data sources:

- [Reefs at Risk Revisited](http://www.wri.org/publication/reefs-at-risk-revisited) ","pressures.score","pressure score","fp_art_hb_gl2014.csv","equal","global pressures data were applied equally to all regions.","fp_art_hb","~/github/ohi-global/eez2014/layers/fp_art_hb.csv","global","rgn_id",,,,"pressures.score",,TRUE,,,0.0320958635766238,0.0320958635766238,TRUE,,,,11,FALSE
"pressures","fp_art_lb","Low bycatch caused by artisanal fishing ","Modeled low bycatch artisanal fishing using non-destructive practices (Halpern et al. 2008) based on FAO fisheries statistics.

Data sources:

- Halpern, B.S., Walbridge S., Selkoe, K.A., Kappel, C.V., Micheli, F., D'Agrosa, C., Bruno, J.F., Casey, K.S., Ebert, C., Fox, H.E., Fujita, R., Heinemann, D., Lenihan, H.S., Madin, E.M.P., Perry, M.T., Selig, E.R., Spalding, M., Steneck, R., Watson, R. (2008) **A global map of human impact on marine ecosystems**. _Science_, 3199(5865): 948-952. [doi:10.1126/science.1149345](http://dx.doi.org/10.1126/science.1149345)
- [FAO fisheries statistics](http://www.fao.org/fishery/statistics/global-capture-production/en)","pressure_score","pressure score","fp_art_lb_gl2014.csv","equal","global pressures data were applied equally to all regions.","fp_art_lb","~/github/ohi-global/eez2014/layers/fp_art_lb.csv","global","rgn_id",,,,"pressure_score",,TRUE,,,0.0599261663033085,0.0599261663033085,TRUE,,,,11,FALSE
"pressures","fp_com_hb","High bycatch caused by commercial fishing ","Modeled destructive commercial fishing practices by 5 different gear types (Halpern et al. 2008).

Data sources:

- Halpern, B.S., Walbridge S., Selkoe, K.A., Kappel, C.V., Micheli, F., D'Agrosa, C., Bruno, J.F., Casey, K.S., Ebert, C., Fox, H.E., Fujita, R., Heinemann, D., Lenihan, H.S., Madin, E.M.P., Perry, M.T., Selig, E.R., Spalding, M., Steneck, R., Watson, R. (2008) **A global map of human impact on marine ecosystems**. _Science_, 3199(5865): 948-952. [doi:10.1126/science.1149345](http://dx.doi.org/10.1126/science.1149345)
","pressure_score","pressure score","fp_com_hb_gl2014.csv","equal","global pressures data were applied equally to all regions.","fp_com_hb","~/github/ohi-global/eez2014/layers/fp_com_hb.csv","global","rgn_id",,,,"pressure_score",,TRUE,,,0.0459053306744527,0.0459053306744527,TRUE,,,,11,FALSE
"pressures","fp_com_lb","Low bycatch caused by commercial fishing ","Modeled least destructive commercial fishing practices by 2 different gear types (Halpern et al. 2008).

Data sources:

- Halpern, B.S., Walbridge S., Selkoe, K.A., Kappel, C.V., Micheli, F., D'Agrosa, C., Bruno, J.F., Casey, K.S., Ebert, C., Fox, H.E., Fujita, R., Heinemann, D., Lenihan, H.S., Madin, E.M.P., Perry, M.T., Selig, E.R., Spalding, M., Steneck, R., Watson, R. (2008) **A global map of human impact on marine ecosystems**. _Science_, 3199(5865): 948-952. [doi:10.1126/science.1149345](http://dx.doi.org/10.1126/science.1149345)
","pressure_score","pressure score","fp_com_lb_gl2014.csv","equal","global pressures data were applied equally to all regions.","fp_com_lb","~/github/ohi-global/eez2014/layers/fp_com_lb.csv","global","rgn_id",,,,"pressure_score",,TRUE,,,0.0389940137701407,0.0389940137701407,TRUE,,,,11,FALSE
"pressures","fp_targetharvest","Targeted harvest of cetaceans and sea turtles","Targeted harvest of cetaceans and marine turtles, from FAO fisheries data.

Data sources:

- [FAO fisheries statistics](http://www.fao.org/fishery/statistics/global-capture-production/en)","score","pressure score","fp_targetharvest_gl2014.csv","equal","global pressures data were applied equally to all regions.","fp_targetharvest","~/github/ohi-global/eez2014/layers/fp_targetharvest.csv","global","rgn_id",,,,"score",,TRUE,,,0,0,TRUE,,,,11,FALSE
"pressures","hd_intertidal","Coastal population density as a proxy for intertidal habitat destruction","Coastal population, defined as the total population inland of 10 miles, extracted from Gridded Population of the World (GPW) Population Density Grid Future Estimates.

Data sources:

- Center for International Earth Science Information Network (CIESIN)/Columbia University 
- CIESIN & CIAT (Center for International Earth Science Information Network (CIESIN)/Columbia University, & Centro Internacional de Agricultura Tropical (CIAT)) (2005). **Gridded Population of the World, Version 3 (GPWv3): Population Density Grid, Future Estimates**. Palisades, NY. [NASA Socioeconomic Data and Applications Center (SEDAC)](http://sedac.ciesin.columbia.edu/data/set/gpw-v3-population-density-future-estimates)
","pressure_score","pressure score","hd_intertidal_sc2014-popn-inland25km.csv","population_inland25km","global intertidal pressures were applied to each region after weighting by each region's coastal population.","hd_intertidal","~/github/ohi-global/eez2014/layers/hd_intertidal.csv","global","rgn_id",,,,"pressure_score",,TRUE,,,5.88104764199508e-08,0.00780039675944456,TRUE,,,,11,FALSE
"pressures","hd_subtidal_hb","High bycatch artisanal fishing practices as a proxy for subtidal hard bottom habitat destruction","The presence of destructive artisanal blast and poison (cyanide) fishing (Reefs at Risk Revisited).

Data sources:

- [Reefs at Risk Revisited](http://www.wri.org/publication/reefs-at-risk-revisited) ","value","pressure score","hd_subtidal_hb_gl2014.csv","equal","global pressures data were applied equally to all regions.","hd_subtidal_hb","~/github/ohi-global/eez2014/layers/hd_subtidal_hb.csv","global","rgn_id",,,,"value",,TRUE,,,0.0332416853571429,0.0332416853571429,TRUE,,,,11,FALSE
"pressures","hd_subtidal_sb","High bycatch commercial fishing practices as a proxy for subtidal soft bottom habitat destruction","Spatially distributed commercial catch data by fishing gear type, developed by Sea Around Us Project.

Data sources:

- [Sea Around Us Project (SAUP)](http://www.seaaroundus.org/)
","pressures.score","pressure score","hd_subtidal_sb_gl2014.csv","equal","global pressures data were applied equally to all regions.","hd_subtidal_sb","~/github/ohi-global/eez2014/layers/hd_subtidal_sb.csv","global","rgn_id",,,,"pressures.score",,TRUE,,,0,0,TRUE,,,,11,FALSE
"pressures","po_chemicals_3nm","Land-based chemical pollution","Modeled land-based organic pollution at 1km2 resolution (Halpern et al. 2008).

Data sources:

- Halpern, B.S., Walbridge S., Selkoe, K.A., Kappel, C.V., Micheli, F., D'Agrosa, C., Bruno, J.F., Casey, K.S., Ebert, C., Fox, H.E., Fujita, R., Heinemann, D., Lenihan, H.S., Madin, E.M.P., Perry, M.T., Selig, E.R., Spalding, M., Steneck, R., Watson, R. (2008) **A global map of human impact on marine ecosystems**. _Science_, 3199(5865): 948-952. [doi:10.1126/science.1149345](http://dx.doi.org/10.1126/science.1149345)
","pressure_score","pressure score","po_chemicals_3nm_gl2014.csv","raster | equal","","po_chemicals_3nm","~/github/ohi-global/eez2014/layers/po_chemicals_3nm.csv","global","rgn_id",,,,"pressure_score",,TRUE,,,0.0375071079685307,0.0375071079685307,TRUE,,,,11,FALSE
"pressures","po_nutrients_3nm","Coastal nutrient pollution","Modeled coastal nutrient pollution (Halpern et al. 2008).

Data sources:

- Halpern, B.S., Walbridge S., Selkoe, K.A., Kappel, C.V., Micheli, F., D'Agrosa, C., Bruno, J.F., Casey, K.S., Ebert, C., Fox, H.E., Fujita, R., Heinemann, D., Lenihan, H.S., Madin, E.M.P., Perry, M.T., Selig, E.R., Spalding, M., Steneck, R., Watson, R. (2008) **A global map of human impact on marine ecosystems**. _Science_, 3199(5865): 948-952. [doi:10.1126/science.1149345](http://dx.doi.org/10.1126/science.1149345)
","pressure_score","pressure score","po_nutrients_3nm_gl2014.csv","raster | equal","","po_nutrients_3nm","~/github/ohi-global/eez2014/layers/po_nutrients_3nm.csv","global","rgn_id",,,,"pressure_score",,TRUE,,,0.0074835,0.0074835,TRUE,,,,11,FALSE
"pressures","sp_alien","Alien species","The number and type of invasive and harmful invasive species in each marine ecoregion (Molnar et al. 2008). 

Data sources:

- Molnar, J.L., Gamboa, R.L., Revenga C., Spalding, M. (2008). **Assessing the global threat of invasive species to marine biodiversity**. _Frontiers in Ecology and the Environment_ 6(485). [doi:10.1890/070064](http://dx.doi.org/10.1890/070064)
","pressures.score","pressure score","sp_alien_gl2014.csv","equal","global pressures data were applied equally to all regions.","sp_alien","~/github/ohi-global/eez2014/layers/sp_alien.csv","global","rgn_id",,,,"pressures.score",,TRUE,,,0.259772406470939,0.259772406470939,TRUE,,,,11,FALSE
"pressures","sp_genetic","Introduced species as a proxy for genetic escapes ","Statistics on native or introduced species from the Mariculture Sustainibility Index (MSI). 

Data sources:

- Trujillo P. (2008). **Using a mariculture sustainability index to rank countriesâ performances**. In: A comparative assessment of biodiversity, fisheries and aquaculture in 53 countriesâ Exclusive Economic Zones, Alder J, Pauly D, editors. _Fisheries Centre Research Report_, vol. 16(7) p. 28â56.","pressures.score","pressure score","sp_genetic_gl2014.csv","equal","global pressures data were applied equally to all regions.","sp_genetic","~/github/ohi-global/eez2014/layers/sp_genetic.csv","global","rgn_id",,,,"pressures.score",,TRUE,,,0.92134307,0.92134307,TRUE,,,,11,FALSE
"pressures","ss_wgi","Weakness of governance indicated with the WGI","Inverse of World Governance Indicators (WGI) six combined scores.

Data sources:

- [Worldwide Governance Indicators (WGI)](http://info.worldbank.org/governance/wgi/index.asp)","score","pressure score","ss_wgi_gl2014.csv","equal","global pressures data were applied equally to all regions.","ss_wgi","~/github/ohi-global/eez2014/layers/ss_wgi.csv","global","rgn_id",,,,"score",,TRUE,,,0.178039171298857,0.178039171298857,TRUE,,,,11,FALSE
"pressures CP","cp_habitat_extent_rank","Habitat extent * rank, per Coastal Protection habitats","Habitat extent * habitat rank for Coastal Protection habitats: coral, mangrove offshore 1km, mangrove inland 1km, saltmarsh, seaice_shoreline and seagrass","extent_rank","rank","cp_habitat_extent_rank_gl2014.csv","equal","global pressures data were applied equally to all regions.","cp_habitat_extent_rank","~/github/ohi-global/eez2014/layers/cp_habitat_extent_rank.csv","global","rgn_id",,"habitat",,"extent_rank",,TRUE,,,3.493,2744160.53921569,FALSE,,,,11,FALSE
"pressures CS","cs_habitat_extent","Habitat extent * rank, per Carbon Storage habitats","Habitat extent * habitat rank for Carbon Storage habitats: mangrove, saltmarsh and seagrass","km2","km^2","cs_habitat_extent_sc2014-area-offshore3nm.csv","area_offshore_3nm","global habitat extent was applied to each region after weighting by each region's offshore area to 3nm. ","cs_habitat_extent","~/github/ohi-global/eez2014/layers/cs_habitat_extent.csv","global","rgn_id",,"habitat",,"km2",,TRUE,,,0.00841277972096111,242.694458217727,FALSE,,,,11,FALSE
"pressures CW","po_chemicals","Ocean-based chemical pollution","Modeled ocean-based chemical pollution from commercial shipping traffic and ports and harbors (Halpern et al. 2008).

Data sources:

- Halpern, B.S., Walbridge S., Selkoe, K.A., Kappel, C.V., Micheli, F., D'Agrosa, C., Bruno, J.F., Casey, K.S., Ebert, C., Fox, H.E., Fujita, R., Heinemann, D., Lenihan, H.S., Madin, E.M.P., Perry, M.T., Selig, E.R., Spalding, M., Steneck, R., Watson, R. (2008) **A global map of human impact on marine ecosystems**. _Science_, 3199(5865): 948-952. [doi:10.1126/science.1149345](http://dx.doi.org/10.1126/science.1149345)
","pressure_score","pressure score","po_chemicals_gl2014.csv","raster","spatial data was extracted for each region. ","po_chemicals","~/github/ohi-global/eez2014/layers/po_chemicals.csv","global","rgn_id",,,,"pressure_score",,TRUE,,,0.0315375653329026,0.0315375653329026,TRUE,,,,11,FALSE
"pressures CW","po_nutrients","Ocean nutrient pollution","Modeled ocean nutrient pollution (Halpern et al. 2008).

Data sources:

- Halpern, B.S., Walbridge S., Selkoe, K.A., Kappel, C.V., Micheli, F., D'Agrosa, C., Bruno, J.F., Casey, K.S., Ebert, C., Fox, H.E., Fujita, R., Heinemann, D., Lenihan, H.S., Madin, E.M.P., Perry, M.T., Selig, E.R., Spalding, M., Steneck, R., Watson, R. (2008) **A global map of human impact on marine ecosystems**. _Science_, 3199(5865): 948-952. [doi:10.1126/science.1149345](http://dx.doi.org/10.1126/science.1149345)
","pressure_score","pressure score","po_nutrients_gl2014.csv","raster","spatial data was extracted for each region. ","po_nutrients","~/github/ohi-global/eez2014/layers/po_nutrients.csv","global","rgn_id",,,,"pressure_score",,TRUE,,,0.00117498,0.00117498,TRUE,,,,11,FALSE
"pressures CW","po_pathogens","Access to improved sanitation as a proxy for pathogen pollution","Percent of population with access to improved sanitation facilities. 

Data sources:

- [World Health Organization and United Nations Children's Fund's Joint Monitoring Programme (WHO/UNICEF's JMP)](http://www.wssinfo.org/data-estimates/table)
","pressure_score","pressure score","po_pathogens_gl2014.csv","raster","spatial data was extracted for each region. ","po_pathogens","~/github/ohi-global/eez2014/layers/po_pathogens.csv","global","rgn_id",,,,"pressure_score",,TRUE,,,0.000756103940661417,0.000756103940661417,TRUE,,,,11,FALSE
"pressures CW","po_trash","Trash pollution","Density of trash from coastal land and sea (Ocean Conservancy). 

Data sources:

- [Ocean Conservancy International Coastal Cleanup 2012](http://www.oceanconservancy.org/our-work/international-coastal-cleanup/2012-ocean-trash-index.html)
","pressure_score","pressure score","po_trash_gl2014.csv","equal","global pressures data were applied equally to all regions.","po_trash","~/github/ohi-global/eez2014/layers/po_trash.csv","global","rgn_id",,,,"pressure_score",,TRUE,,,0.458310087378725,0.458310087378725,TRUE,,,,11,FALSE
"pressures HAB","hab_presence","Habitat presence","Modeled combined habitat presence","boolean","boolean","hab_presence_gl2014.csv","equal","global pressures data were applied equally to all regions.","hab_presence","~/github/ohi-global/eez2014/layers/hab_presence.csv","global","rgn_id",,"habitat",,"boolean",,TRUE,,,1,1,TRUE,,,,11,FALSE
"resilience","alien_species","Alien species","The number and type of invasive and harmful invasive species in each marine ecoregion (Molnar et al. 2008). 

Data sources:

- Molnar, J.L., Gamboa, R.L., Revenga C., Spalding, M. (2008). **Assessing the global threat of invasive species to marine biodiversity**. _Frontiers in Ecology and the Environment_ 6(485). [doi:10.1890/070064](http://dx.doi.org/10.1890/070064)
","resilience score","resilience score","alien_species_gl2014.csv","equal","global resilience data were applied equally to all regions.","alien_species","~/github/ohi-global/eez2014/layers/alien_species.csv","global","rgn_id",,,,"resilience.score",,TRUE,,,0.625,0.625,TRUE,,,,11,FALSE
"resilience","cites","Resilience from commitment to CITES","Convention on International Trade in Endangered Species of Wild Fauna and Flora (CITES) signatories.

Data sources:

- [CITES List of Contracting Parties](http://www.cites.org/eng/disc/parties/chronolo.php)

","resilience score","resilience score","cites_gl2014.csv","equal","global resilience data were applied equally to all regions.","cites","~/github/ohi-global/eez2014/layers/cites.csv","global","rgn_id",,,,"resilience.score",,TRUE,,,1,1,TRUE,,,,11,FALSE
"resilience","fishing_v1","CBD survey: coastal fishing v1","Survey responses by country to the Convention on Biological Diversity (CBD) Third National Report (2005) 

Data sources:

- [Convention on Biological Diversity (CBD)](http://www.cbd.int/reports/search/default.shtml)
","resilience score","resilience score","fishing_v1_gl2014.csv","equal","global resilience data were applied equally to all regions.","fishing_v1","~/github/ohi-global/eez2014/layers/fishing_v1.csv","global","rgn_id",,,,"resilience.score",,TRUE,,,0.549688859187265,0.549688859187265,TRUE,,,,11,FALSE
"resilience","fishing_v1_eez","CBD survey: ocean fishing v1","Survey responses by country to the Convention on Biological Diversity (CBD) Third National Report (2005) 

Data sources:

- [Convention on Biological Diversity (CBD)](http://www.cbd.int/reports/search/default.shtml)
","resilience score","resilience score","fishing_v1_eez_gl2014.csv","equal","global resilience data were applied equally to all regions.","fishing_v1_eez","~/github/ohi-global/eez2014/layers/fishing_v1_eez.csv","global","rgn_id",,,,"resilience.score",,TRUE,,,0.549688859187265,0.549688859187265,TRUE,,,,11,FALSE
"resilience","fishing_v2_eez","CBD survey: ocean fishing v2","Survey responses by country to the Convention on Biological Diversity (CBD) Third National Report (2005) 

Data sources:

- [Convention on Biological Diversity (CBD)](http://www.cbd.int/reports/search/default.shtml)
","resilience score","resilience score","fishing_v2_eez_gl2014.csv","equal","global resilience data were applied equally to all regions.","fishing_v2_eez","~/github/ohi-global/eez2014/layers/fishing_v2_eez.csv","global","rgn_id",,,,"resilience.score",,TRUE,,,0.570266644390448,0.570266644390448,TRUE,,,,11,FALSE
"resilience","fishing_v3","CBD survey: coastal fishing v3","Survey responses by country to the Convention on Biological Diversity (CBD) Third National Report (2005) 

Data sources:

- [Convention on Biological Diversity (CBD)](http://www.cbd.int/reports/search/default.shtml)
","resilience score","resilience score","fishing_v3_gl2014.csv","equal","global resilience data were applied equally to all regions.","fishing_v3","~/github/ohi-global/eez2014/layers/fishing_v3.csv","global","rgn_id",,,,"resilience.score",,TRUE,,,0.565949594850765,0.565949594850765,TRUE,,,,11,FALSE
"resilience","fishing_v3_eez","CBD survey: ocean fishing v3","Survey responses by country to the Convention on Biological Diversity (CBD) Third National Report (2005) 

Data sources:

- [Convention on Biological Diversity (CBD)](http://www.cbd.int/reports/search/default.shtml)
","resilience score","resilience score","fishing_v3_eez_gl2014.csv","equal","global resilience data were applied equally to all regions.","fishing_v3_eez","~/github/ohi-global/eez2014/layers/fishing_v3_eez.csv","global","rgn_id",,,,"resilience.score",,TRUE,,,0.565949594850765,0.565949594850765,TRUE,,,,11,FALSE
"resilience","habitat","CBD survey: habitat","Survey responses by country to the Convention on Biological Diversity (CBD) Third National Report (2005) 

Data sources:

- [Convention on Biological Diversity (CBD)](http://www.cbd.int/reports/search/default.shtml)
","resilience score","resilience score","habitat_gl2014.csv","equal","global resilience data were applied equally to all regions.","habitat","~/github/ohi-global/eez2014/layers/habitat.csv","global","rgn_id",,,,"resilience.score",,TRUE,,,0.863636363636364,0.863636363636364,TRUE,,,,11,FALSE
"resilience","habitat_combo","CBD survey: coastal habitat","Survey responses by country to the Convention on Biological Diversity (CBD) Third National Report (2005) 

Data sources:

- [Convention on Biological Diversity (CBD)](http://www.cbd.int/reports/search/default.shtml)
","resilience score","resilience score","habitat_combo_gl2014.csv","equal","global resilience data were applied equally to all regions.","habitat_combo","~/github/ohi-global/eez2014/layers/habitat_combo.csv","global","rgn_id",,,,"resilience.score",,TRUE,,,0.532924392276147,0.532924392276147,TRUE,,,,11,FALSE
"resilience","habitat_combo_eez","CBD survey: ocean habitat","Survey responses by country to the Convention on Biological Diversity (CBD) Third National Report (2005) 

Data sources:

- [Convention on Biological Diversity (CBD)](http://www.cbd.int/reports/search/default.shtml)
","resilience score","resilience score","habitat_combo_eez_gl2014.csv","equal","global resilience data were applied equally to all regions.","habitat_combo_eez","~/github/ohi-global/eez2014/layers/habitat_combo_eez.csv","global","rgn_id",,,,"resilience.score",,TRUE,,,0.532924392276147,0.532924392276147,TRUE,,,,11,FALSE
"resilience","li_gci","GCI: competitiveness in achieving sustained economic prosperity","Global Competitiveness Index (GCI) scores from the World Economic Forum.

Data sources:

- [World Economic Forum](http://www.weforum.org/issues/global-competitiveness)
","score","resilience score","li_gci_gl2014.csv","equal","global resilience data were applied equally to all regions.","li_gci","~/github/ohi-global/eez2014/layers/li_gci.csv","global","rgn_id",,,,"score",,TRUE,,,0.742857142857143,0.742857142857143,TRUE,,,,11,FALSE
"resilience","li_sector_evenness","Sector evenness as a measure of economic diversity","Shannon's Diversity Index calculated sector evenness based on the total number of sectors and the proportion of jobs belonging to any sector.","resilience score","resilience score","li_sector_evenness_gl2014.csv","equal","global resilience data were applied equally to all regions.","li_sector_evenness","~/github/ohi-global/eez2014/layers/li_sector_evenness.csv","global","rgn_id",,,,"resilience.score",,TRUE,,,0.331301519479,0.331301519479,TRUE,,,,11,FALSE
"resilience","mariculture","CBD survey: mariculture","Survey responses by country to the Convention on Biological Diversity (CBD) Third National Report (2005) 

Data sources:

- [Convention on Biological Diversity (CBD)](http://www.cbd.int/reports/search/default.shtml)
","resilience score","resilience score","mariculture_gl2014.csv","equal","global resilience data were applied equally to all regions.","mariculture","~/github/ohi-global/eez2014/layers/mariculture.csv","global","rgn_id",,,,"resilience.score",,TRUE,,,1,1,TRUE,,,,11,FALSE
"resilience","msi_gov"," MSI sustainability and regulations","Mariculture practice assessment criteria from the Mariculture Sustainability Index (MSI). 

Data sources:

- Trujillo P. (2008). **Using a mariculture sustainability index to rank countriesâ performances**. In: A comparative assessment of biodiversity, fisheries and aquaculture in 53 countriesâ Exclusive Economic Zones, Alder J, Pauly D, editors. _Fisheries Centre Research Report_, vol. 16(7) p. 28â56.","resilience score","resilience score","msi_gov_gl2014.csv","equal","global resilience data were applied equally to all regions.","msi_gov","~/github/ohi-global/eez2014/layers/msi_gov.csv","global","rgn_id",,,,"resilience.score",,TRUE,,,0.47857142855,0.47857142855,TRUE,,,,11,FALSE
"resilience","species_diversity","Ocean ecological integrity","Marine species diversity as a proxy for ecological integrity: ocean (IUCN).

Data sources:

- [International Union for Conservation of Nature (IUCN)](http://www.iucnredlist.org/technical-documents/classification-schemes/threats-classification-scheme)
","score","resilience score","species_diversity_gl2014.csv","equal","global resilience data were applied equally to all regions.","species_diversity","~/github/ohi-global/eez2014/layers/species_diversity.csv","global","rgn_id",,,,"score",,TRUE,,,0.842236247337683,0.842236247337683,TRUE,,,,11,FALSE
"resilience","species_diversity_3nm","Coastal ecological integrity","Marine species diversity as a proxy for ecological integrity: coastal (IUCN).

Data sources:

- [International Union for Conservation of Nature (IUCN)](http://www.iucnredlist.org/technical-documents/classification-schemes/threats-classification-scheme)
","score","resilience score","species_diversity_3nm_gl2014.csv","equal","global resilience data were applied equally to all regions.","species_diversity_3nm","~/github/ohi-global/eez2014/layers/species_diversity_3nm.csv","global","rgn_id",,,,"score",,TRUE,,,0.886517523228571,0.886517523228571,TRUE,,,,11,FALSE
"resilience","tourism","CBD survey: tourism","Survey responses by country to the Convention on Biological Diversity (CBD) Third National Report (2005) 

Data sources:

- [Convention on Biological Diversity (CBD)](http://www.cbd.int/reports/search/default.shtml)
","resilience score","resilience score","tourism_gl2014.csv","equal","global resilience data were applied equally to all regions.","tourism","~/github/ohi-global/eez2014/layers/tourism.csv","global","rgn_id",,,,"resilience.score",,TRUE,,,0.9444444444445,0.9444444444445,TRUE,,,,11,FALSE
"resilience","water","CBD survey: water","Survey responses by country to the Convention on Biological Diversity (CBD) Third National Report (2005) 

Data sources:

- [Convention on Biological Diversity (CBD)](http://www.cbd.int/reports/search/default.shtml)
","resilience score","resilience score","water_gl2014.csv","equal","global resilience data were applied equally to all regions.","water","~/github/ohi-global/eez2014/layers/water.csv","global","rgn_id",,,,"resilience.score",,TRUE,,,0.5,0.5,TRUE,,,,11,FALSE
"resilience","wgi_all","Strength of governance indicated with the WGI","World Governance Indicators (WGI) six combined scores.

Data sources:

- [Worldwide Governance Indicators (WGI)](http://info.worldbank.org/governance/wgi/index.asp)","score","resilience score","wgi_all_gl2014.csv","equal","global resilience data were applied equally to all regions.","wgi_all","~/github/ohi-global/eez2014/layers/wgi_all.csv","global","rgn_id",,,,"score",,TRUE,,,0.821960828701143,0.821960828701143,TRUE,,,,11,FALSE
"spatial","rgn_area","Region area of total EEZ ocean","Area of Ocean Health Index regions based on exclusive economic zones (VLIZ 2012). 

Data sources:

- [VLIZ Maritime Boundaries Geodatabase, version 7](http://www.marineregions.org/)
","area_km2","km^2","rgn_area_sc2014-area.csv","raster","spatial data was extracted for each region.","rgn_area","/var/data/ohi/git-annex/clip-n-ship/can/spatial/rgn_offshore_data.csv","subcountry","rgn_id",,"rgn_name",,"area_km2",,TRUE,,,6979.99023438,2257200,FALSE,,,,11,FALSE
"spatial","rgn_area_inland1km","Region area 1 km inland","inland area 1 km from shore.","area_km2","km^2","rgn_area_inland1km_sc2014-area.csv","raster","spatial data was extracted for each region.","rgn_area_inland1km","/var/data/ohi/git-annex/clip-n-ship/can/spatial/rgn_inland1km_data.csv","subcountry","rgn_id",,"rgn_name",,"area_km2",,TRUE,,,351.052210048,94628.0390168,FALSE,,,,11,FALSE
"spatial","rgn_area_offshore3nm","Region area offshore 3nm","Area of Ocean Health Index regions to 3nm (VLIZ 2012). 

Data sources:

- [VLIZ Maritime Boundaries Geodatabase, version 7](http://www.marineregions.org/)
","area_km2","km^2","rgn_area_offshore3nm_sc2014-area.csv","raster","spatial data was extracted for each region.","rgn_area_offshore3nm","/var/data/ohi/git-annex/clip-n-ship/can/spatial/rgn_offshore3nm_data.csv","subcountry","rgn_id",,"rgn_name",,"area_km2",,TRUE,,,1503.81005859,344396.9023437,FALSE,,,,11,FALSE
"spatial","rgn_georegion_labels","Georegion labels per region, at 3 georegion levels","Lookup table of Ocean Health Index regions and UN georegion names at 3 georegion levels.

Data sources:

- [UN geographical region and composition](http://unstats.un.org/unsd/methods/m49/m49regin.htm)
","label","label","rgn_georegion_labels_gl2014.csv","raster","spatial data was extracted for each region.","rgn_georegion_labels","~/github/ohi-global/eez2014/layers/rgn_georegion_labels.csv","global","rgn_id",,"level",,,"label",TRUE,,,,,FALSE,,,,11,
"spatial","rgn_georegions","Georegion ids per region, at 3 georegion levels","Lookup table of Ocean Health Index regions and UN georegion identifiers at 3 georegion levels.

Data sources:

- [UN geographical region and composition](http://unstats.un.org/unsd/methods/m49/m49regin.htm)
","georgn_id","georegion id","rgn_georegions_gl2014.csv","raster","spatial data was extracted for each region.","rgn_georegions","~/github/ohi-global/eez2014/layers/rgn_georegions.csv","global","rgn_id",,"level",,"georgn_id",,TRUE,,,1,21,FALSE,,,,11,FALSE
"spatial","rgn_global","regions used in global analysis for Nature 2012, subset of regions_labels by type=eez and not deleted or disputed ","Regions used in global analysis for Nature 2012, subset of regions_labels by type=eez and not deleted or disputed. ","label","label","rgn_global_gl2014.csv","raster","spatial data was extracted for each region.","rgn_global","~/github/ohi-global/eez2014/layers/rgn_global.csv","global","rgn_id",,,,,"label",TRUE,,,,,FALSE,,,,11,
"spatial","rgn_labels","regions by type (eez, subocean, unclaimed) and label","Ocean Health Index regions by type (eez, subocean, unclaimed) and label","label","label","rgn_labels.csv","raster","spatial data was extracted for each region.","rgn_labels","~/github/ohi-global/eez2014/layers/rgn_labels.csv","global","rgn_id",,"type",,,"label",TRUE,,,,,FALSE,,,,11,
