"goal","dimension","region_id","score"
"AO","future",0,91.48
"AO","future",1,91.48
"AO","future",2,91.48
"AO","future",3,91.48
"AO","future",4,91.47
"AO","future",5,91.48
"AO","future",6,91.48
"AO","future",7,91.48
"AO","future",8,91.48
"AO","future",9,91.48
"AO","future",10,91.48
"AO","future",11,91.48
"AO","pressures",1,11.59
"AO","pressures",2,11.58
"AO","pressures",3,11.59
"AO","pressures",4,11.63
"AO","pressures",5,11.59
"AO","pressures",6,11.6
"AO","pressures",7,11.58
"AO","pressures",8,11.58
"AO","pressures",9,11.58
"AO","pressures",10,11.58
"AO","pressures",11,11.58
"AO","resilience",1,76.79
"AO","resilience",2,76.79
"AO","resilience",3,76.79
"AO","resilience",4,76.79
"AO","resilience",5,76.79
"AO","resilience",6,76.79
"AO","resilience",7,76.79
"AO","resilience",8,76.79
"AO","resilience",9,76.79
"AO","resilience",10,76.79
"AO","resilience",11,76.79
"AO","score",0,83.38
"AO","score",1,83.37
"AO","score",2,83.38
"AO","score",3,83.37
"AO","score",4,83.37
"AO","score",5,83.37
"AO","score",6,83.37
"AO","score",7,83.38
"AO","score",8,83.38
"AO","score",9,83.38
"AO","score",10,83.38
"AO","score",11,83.38
"AO","status",0,75.27
"AO","status",1,75.27
"AO","status",2,75.27
"AO","status",3,75.27
"AO","status",4,75.27
"AO","status",5,75.27
"AO","status",6,75.27
"AO","status",7,75.27
"AO","status",8,75.27
"AO","status",9,75.27
"AO","status",10,75.27
"AO","status",11,75.27
"AO","trend",1,0
"AO","trend",2,0
"AO","trend",3,0
"AO","trend",4,0
"AO","trend",5,0
"AO","trend",6,0
"AO","trend",7,0
"AO","trend",8,0
"AO","trend",9,0
"AO","trend",10,0
"AO","trend",11,0
"BD","future",0,98.1
"BD","future",1,98.09
"BD","future",2,98.1
"BD","future",3,98.1
"BD","future",4,98.09
"BD","future",5,98.1
"BD","future",6,98.09
"BD","future",7,98.1
"BD","future",8,98.1
"BD","future",9,98.1
"BD","future",10,98.1
"BD","future",11,98.1
"BD","pressures",1,
"BD","pressures",2,
"BD","pressures",3,
"BD","pressures",4,
"BD","pressures",5,
"BD","pressures",6,
"BD","pressures",7,
"BD","pressures",8,
"BD","pressures",9,
"BD","pressures",10,
"BD","pressures",11,
"BD","resilience",1,
"BD","resilience",2,
"BD","resilience",3,
"BD","resilience",4,
"BD","resilience",5,
"BD","resilience",6,
"BD","resilience",7,
"BD","resilience",8,
"BD","resilience",9,
"BD","resilience",10,
"BD","resilience",11,
"BD","score",0,91.46
"BD","score",1,91.46
"BD","score",2,91.46
"BD","score",3,91.46
"BD","score",4,91.46
"BD","score",5,91.46
"BD","score",6,91.46
"BD","score",7,91.46
"BD","score",8,91.46
"BD","score",9,91.46
"BD","score",10,91.46
"BD","score",11,91.46
"BD","status",0,84.83
"BD","status",1,84.83
"BD","status",2,84.83
"BD","status",3,84.83
"BD","status",4,84.83
"BD","status",5,84.83
"BD","status",6,84.83
"BD","status",7,84.83
"BD","status",8,84.83
"BD","status",9,84.83
"BD","status",10,84.83
"BD","status",11,84.83
"BD","trend",1,-0.04
"BD","trend",2,-0.04
"BD","trend",3,-0.04
"BD","trend",4,-0.04
"BD","trend",5,-0.04
"BD","trend",6,-0.04
"BD","trend",7,-0.04
"BD","trend",8,-0.04
"BD","trend",9,-0.04
"BD","trend",10,-0.04
"BD","trend",11,-0.04
"CP","future",0,26.47
"CP","future",1,26.47
"CP","future",2,26.47
"CP","future",3,26.47
"CP","future",4,26.47
"CP","future",5,26.47
"CP","future",6,26.47
"CP","future",7,26.47
"CP","future",8,26.47
"CP","future",9,26.47
"CP","future",10,26.47
"CP","future",11,26.47
"CP","pressures",1,20.68
"CP","pressures",2,20.68
"CP","pressures",3,20.68
"CP","pressures",4,20.68
"CP","pressures",5,20.68
"CP","pressures",6,20.68
"CP","pressures",7,20.68
"CP","pressures",8,20.68
"CP","pressures",9,20.68
"CP","pressures",10,20.68
"CP","pressures",11,20.68
"CP","resilience",1,67.2
"CP","resilience",2,67.2
"CP","resilience",3,67.2
"CP","resilience",4,67.2
"CP","resilience",5,67.2
"CP","resilience",6,67.2
"CP","resilience",7,67.2
"CP","resilience",8,67.2
"CP","resilience",9,67.2
"CP","resilience",10,67.2
"CP","resilience",11,67.2
"CP","score",0,24.72
"CP","score",1,24.72
"CP","score",2,24.72
"CP","score",3,24.72
"CP","score",4,24.72
"CP","score",5,24.72
"CP","score",6,24.72
"CP","score",7,24.72
"CP","score",8,24.72
"CP","score",9,24.72
"CP","score",10,24.72
"CP","score",11,24.72
"CP","status",0,22.97
"CP","status",1,22.97
"CP","status",2,22.97
"CP","status",3,22.97
"CP","status",4,22.97
"CP","status",5,22.97
"CP","status",6,22.97
"CP","status",7,22.97
"CP","status",8,22.97
"CP","status",9,22.97
"CP","status",10,22.97
"CP","status",11,22.97
"CP","trend",1,0
"CP","trend",2,0
"CP","trend",3,0
"CP","trend",4,0
"CP","trend",5,0
"CP","trend",6,0
"CP","trend",7,0
"CP","trend",8,0
"CP","trend",9,0
"CP","trend",10,0
"CP","trend",11,0
"CS","future",0,59.65
"CS","future",1,59.65
"CS","future",2,59.66
"CS","future",3,59.65
"CS","future",4,59.63
"CS","future",5,59.65
"CS","future",6,59.65
"CS","future",7,59.66
"CS","future",8,59.66
"CS","future",9,59.66
"CS","future",10,59.66
"CS","future",11,59.66
"CS","pressures",1,11.55
"CS","pressures",2,11.51
"CS","pressures",3,11.52
"CS","pressures",4,11.65
"CS","pressures",5,11.52
"CS","pressures",6,11.56
"CS","pressures",7,11.5
"CS","pressures",8,11.5
"CS","pressures",9,11.5
"CS","pressures",10,11.5
"CS","pressures",11,11.5
"CS","resilience",1,67.2
"CS","resilience",2,67.2
"CS","resilience",3,67.2
"CS","resilience",4,67.2
"CS","resilience",5,67.2
"CS","resilience",6,67.2
"CS","resilience",7,67.2
"CS","resilience",8,67.2
"CS","resilience",9,67.2
"CS","resilience",10,67.2
"CS","resilience",11,67.2
"CS","score",0,55.02
"CS","score",1,55.02
"CS","score",2,55.02
"CS","score",3,55.02
"CS","score",4,55.01
"CS","score",5,55.02
"CS","score",6,55.02
"CS","score",7,55.03
"CS","score",8,55.03
"CS","score",9,55.03
"CS","score",10,55.03
"CS","score",11,55.03
"CS","status",0,50.39
"CS","status",1,50.39
"CS","status",2,50.39
"CS","status",3,50.39
"CS","status",4,50.39
"CS","status",5,50.39
"CS","status",6,50.39
"CS","status",7,50.39
"CS","status",8,50.39
"CS","status",9,50.39
"CS","status",10,50.39
"CS","status",11,50.39
"CS","trend",1,0
"CS","trend",2,0
"CS","trend",3,0
"CS","trend",4,0
"CS","trend",5,0
"CS","trend",6,0
"CS","trend",7,0
"CS","trend",8,0
"CS","trend",9,0
"CS","trend",10,0
"CS","trend",11,0
"CW","future",0,98.42
"CW","future",1,98.42
"CW","future",2,98.42
"CW","future",3,98.42
"CW","future",4,98.42
"CW","future",5,98.42
"CW","future",6,98.42
"CW","future",7,98.42
"CW","future",8,98.42
"CW","future",9,98.42
"CW","future",10,98.42
"CW","future",11,98.42
"CW","pressures",1,34.1
"CW","pressures",2,34.1
"CW","pressures",3,34.1
"CW","pressures",4,34.1
"CW","pressures",5,34.1
"CW","pressures",6,34.1
"CW","pressures",7,34.1
"CW","pressures",8,34.1
"CW","pressures",9,34.1
"CW","pressures",10,34.1
"CW","pressures",11,34.1
"CW","resilience",1,66.1
"CW","resilience",2,66.1
"CW","resilience",3,66.1
"CW","resilience",4,66.1
"CW","resilience",5,66.1
"CW","resilience",6,66.1
"CW","resilience",7,66.1
"CW","resilience",8,66.1
"CW","resilience",9,66.1
"CW","resilience",10,66.1
"CW","resilience",11,66.1
"CW","score",0,91.74
"CW","score",1,91.74
"CW","score",2,91.74
"CW","score",3,91.74
"CW","score",4,91.74
"CW","score",5,91.74
"CW","score",6,91.74
"CW","score",7,91.74
"CW","score",8,91.74
"CW","score",9,91.74
"CW","score",10,91.74
"CW","score",11,91.74
"CW","status",0,85.06
"CW","status",1,85.06
"CW","status",2,85.06
"CW","status",3,85.06
"CW","status",4,85.06
"CW","status",5,85.06
"CW","status",6,85.06
"CW","status",7,85.06
"CW","status",8,85.06
"CW","status",9,85.06
"CW","status",10,85.06
"CW","status",11,85.06
"CW","trend",1,0.08
"CW","trend",2,0.08
"CW","trend",3,0.08
"CW","trend",4,0.08
"CW","trend",5,0.08
"CW","trend",6,0.08
"CW","trend",7,0.08
"CW","trend",8,0.08
"CW","trend",9,0.08
"CW","trend",10,0.08
"CW","trend",11,0.08
"ECO","future",0,100
"ECO","future",1,100
"ECO","future",2,100
"ECO","future",3,100
"ECO","future",4,100
"ECO","future",5,100
"ECO","future",6,100
"ECO","future",7,100
"ECO","future",8,100
"ECO","future",9,100
"ECO","future",10,100
"ECO","future",11,100
"ECO","pressures",1,11.83
"ECO","pressures",2,11.83
"ECO","pressures",3,11.83
"ECO","pressures",4,11.83
"ECO","pressures",5,11.83
"ECO","pressures",6,11.83
"ECO","pressures",7,11.83
"ECO","pressures",8,11.83
"ECO","pressures",9,11.83
"ECO","pressures",10,11.83
"ECO","pressures",11,11.83
"ECO","resilience",1,78.24
"ECO","resilience",2,78.24
"ECO","resilience",3,78.24
"ECO","resilience",4,78.24
"ECO","resilience",5,78.24
"ECO","resilience",6,78.24
"ECO","resilience",7,78.24
"ECO","resilience",8,78.24
"ECO","resilience",9,78.24
"ECO","resilience",10,78.24
"ECO","resilience",11,78.24
"ECO","score",0,100
"ECO","score",1,100
"ECO","score",2,100
"ECO","score",3,100
"ECO","score",4,100
"ECO","score",5,100
"ECO","score",6,100
"ECO","score",7,100
"ECO","score",8,100
"ECO","score",9,100
"ECO","score",10,100
"ECO","score",11,100
"ECO","status",0,100
"ECO","status",1,100
"ECO","status",2,100
"ECO","status",3,100
"ECO","status",4,100
"ECO","status",5,100
"ECO","status",6,100
"ECO","status",7,100
"ECO","status",8,100
"ECO","status",9,100
"ECO","status",10,100
"ECO","status",11,100
"ECO","trend",1,1
"ECO","trend",2,1
"ECO","trend",3,1
"ECO","trend",4,1
"ECO","trend",5,1
"ECO","trend",6,1
"ECO","trend",7,1
"ECO","trend",8,1
"ECO","trend",9,1
"ECO","trend",10,1
"ECO","trend",11,1
"FIS","future",0,14.63
"FIS","future",1,6.02
"FIS","future",2,0
"FIS","future",3,0
"FIS","future",4,4.81
"FIS","future",5,10.83
"FIS","future",6,7.22
"FIS","future",7,1.2
"FIS","future",8,0
"FIS","future",9,0
"FIS","future",10,25.42
"FIS","future",11,8.42
"FIS","pressures",1,14.27
"FIS","pressures",2,14.26
"FIS","pressures",3,14.26
"FIS","pressures",4,14.29
"FIS","pressures",5,14.26
"FIS","pressures",6,14.27
"FIS","pressures",7,14.26
"FIS","pressures",8,14.26
"FIS","pressures",9,14.26
"FIS","pressures",10,14.26
"FIS","pressures",11,14.26
"FIS","resilience",1,75.94
"FIS","resilience",2,75.94
"FIS","resilience",3,75.94
"FIS","resilience",4,75.94
"FIS","resilience",5,75.94
"FIS","resilience",6,75.94
"FIS","resilience",7,75.94
"FIS","resilience",8,75.94
"FIS","resilience",9,75.94
"FIS","resilience",10,75.94
"FIS","resilience",11,75.94
"FIS","score",0,13.37
"FIS","score",1,5.51
"FIS","score",2,0
"FIS","score",3,0
"FIS","score",4,4.41
"FIS","score",5,9.92
"FIS","score",6,6.61
"FIS","score",7,1.1
"FIS","score",8,0
"FIS","score",9,0
"FIS","score",10,23.21
"FIS","score",11,7.71
"FIS","status",0,12.11
"FIS","status",1,5
"FIS","status",2,0
"FIS","status",3,0
"FIS","status",4,4
"FIS","status",5,9
"FIS","status",6,6
"FIS","status",7,1
"FIS","status",8,0
"FIS","status",9,0
"FIS","status",10,21
"FIS","status",11,7
"FIS","trend",1,0
"FIS","trend",2,0
"FIS","trend",3,0
"FIS","trend",4,0
"FIS","trend",5,0
"FIS","trend",6,0
"FIS","trend",7,0
"FIS","trend",8,0
"FIS","trend",9,0
"FIS","trend",10,0.01
"FIS","trend",11,0
"FP","future",0,15.36
"FP","future",1,5.11
"FP","future",2,0.01
"FP","future",3,0.01
"FP","future",4,4.09
"FP","future",5,9.24
"FP","future",6,6.15
"FP","future",7,1.68
"FP","future",8,2.06
"FP","future",9,15.21
"FP","future",10,25.17
"FP","future",11,19.05
"FP","pressures",1,
"FP","pressures",2,
"FP","pressures",3,
"FP","pressures",4,
"FP","pressures",5,
"FP","pressures",6,
"FP","pressures",7,
"FP","pressures",8,
"FP","pressures",9,
"FP","pressures",10,
"FP","pressures",11,
"FP","resilience",1,
"FP","resilience",2,
"FP","resilience",3,
"FP","resilience",4,
"FP","resilience",5,
"FP","resilience",6,
"FP","resilience",7,
"FP","resilience",8,
"FP","resilience",9,
"FP","resilience",10,
"FP","resilience",11,
"FP","score",0,14.01
"FP","score",1,4.68
"FP","score",2,0.01
"FP","score",3,0.01
"FP","score",4,3.74
"FP","score",5,8.46
"FP","score",6,5.63
"FP","score",7,1.54
"FP","score",8,1.88
"FP","score",9,15.21
"FP","score",10,22.99
"FP","score",11,17.16
"FP","status",0,12.66
"FP","status",1,4.25
"FP","status",2,0.01
"FP","status",3,0
"FP","status",4,3.39
"FP","status",5,7.68
"FP","status",6,5.11
"FP","status",7,1.39
"FP","status",8,1.7
"FP","status",9,15.21
"FP","status",10,20.8
"FP","status",11,15.27
"FP","trend",1,0
"FP","trend",2,0
"FP","trend",3,0
"FP","trend",4,0
"FP","trend",5,0
"FP","trend",6,0
"FP","trend",7,0
"FP","trend",8,0
"FP","trend",9,0
"FP","trend",10,0.01
"FP","trend",11,0.02
"HAB","future",0,100
"HAB","future",1,100
"HAB","future",2,100
"HAB","future",3,100
"HAB","future",4,100
"HAB","future",5,100
"HAB","future",6,100
"HAB","future",7,100
"HAB","future",8,100
"HAB","future",9,100
"HAB","future",10,100
"HAB","future",11,100
"HAB","pressures",1,11.51
"HAB","pressures",2,11.5
"HAB","pressures",3,11.51
"HAB","pressures",4,11.55
"HAB","pressures",5,11.5
"HAB","pressures",6,11.52
"HAB","pressures",7,11.5
"HAB","pressures",8,11.5
"HAB","pressures",9,11.5
"HAB","pressures",10,11.5
"HAB","pressures",11,11.5
"HAB","resilience",1,78.51
"HAB","resilience",2,78.51
"HAB","resilience",3,78.51
"HAB","resilience",4,78.51
"HAB","resilience",5,78.51
"HAB","resilience",6,78.51
"HAB","resilience",7,78.51
"HAB","resilience",8,78.51
"HAB","resilience",9,78.51
"HAB","resilience",10,78.51
"HAB","resilience",11,78.51
"HAB","score",0,92.72
"HAB","score",1,92.72
"HAB","score",2,92.72
"HAB","score",3,92.72
"HAB","score",4,92.72
"HAB","score",5,92.72
"HAB","score",6,92.72
"HAB","score",7,92.72
"HAB","score",8,92.72
"HAB","score",9,92.72
"HAB","score",10,92.72
"HAB","score",11,92.72
"HAB","status",0,85.43
"HAB","status",1,85.43
"HAB","status",2,85.43
"HAB","status",3,85.43
"HAB","status",4,85.43
"HAB","status",5,85.43
"HAB","status",6,85.43
"HAB","status",7,85.43
"HAB","status",8,85.43
"HAB","status",9,85.43
"HAB","status",10,85.43
"HAB","status",11,85.43
"HAB","trend",1,0
"HAB","trend",2,0
"HAB","trend",3,0
"HAB","trend",4,0
"HAB","trend",5,0
"HAB","trend",6,0
"HAB","trend",7,0
"HAB","trend",8,0
"HAB","trend",9,0
"HAB","trend",10,0
"HAB","trend",11,0
"ICO","future",0,76.72
"ICO","future",1,76.71
"ICO","future",2,76.72
"ICO","future",3,76.72
"ICO","future",4,76.7
"ICO","future",5,76.72
"ICO","future",6,76.71
"ICO","future",7,76.72
"ICO","future",8,76.72
"ICO","future",9,76.72
"ICO","future",10,76.72
"ICO","future",11,76.72
"ICO","pressures",1,14.1
"ICO","pressures",2,14.07
"ICO","pressures",3,14.08
"ICO","pressures",4,14.18
"ICO","pressures",5,14.08
"ICO","pressures",6,14.11
"ICO","pressures",7,14.07
"ICO","pressures",8,14.07
"ICO","pressures",9,14.07
"ICO","pressures",10,14.07
"ICO","pressures",11,14.07
"ICO","resilience",1,77.6
"ICO","resilience",2,77.6
"ICO","resilience",3,77.6
"ICO","resilience",4,77.6
"ICO","resilience",5,77.6
"ICO","resilience",6,77.6
"ICO","resilience",7,77.6
"ICO","resilience",8,77.6
"ICO","resilience",9,77.6
"ICO","resilience",10,77.6
"ICO","resilience",11,77.6
"ICO","score",0,71.93
"ICO","score",1,71.93
"ICO","score",2,71.93
"ICO","score",3,71.93
"ICO","score",4,71.92
"ICO","score",5,71.93
"ICO","score",6,71.93
"ICO","score",7,71.93
"ICO","score",8,71.93
"ICO","score",9,71.93
"ICO","score",10,71.93
"ICO","score",11,71.93
"ICO","status",0,67.14
"ICO","status",1,67.14
"ICO","status",2,67.14
"ICO","status",3,67.14
"ICO","status",4,67.14
"ICO","status",5,67.14
"ICO","status",6,67.14
"ICO","status",7,67.14
"ICO","status",8,67.14
"ICO","status",9,67.14
"ICO","status",10,67.14
"ICO","status",11,67.14
"ICO","trend",1,-0.1
"ICO","trend",2,-0.1
"ICO","trend",3,-0.1
"ICO","trend",4,-0.1
"ICO","trend",5,-0.1
"ICO","trend",6,-0.1
"ICO","trend",7,-0.1
"ICO","trend",8,-0.1
"ICO","trend",9,-0.1
"ICO","trend",10,-0.1
"ICO","trend",11,-0.1
"Index","future",0,74.74
"Index","future",1,76.11
"Index","future",2,76.08
"Index","future",3,76.06
"Index","future",4,75.91
"Index","future",5,75.84
"Index","future",6,75.58
"Index","future",7,76.13
"Index","future",8,76.29
"Index","future",9,77.63
"Index","future",10,72.63
"Index","future",11,77.04
"Index","score",0,70.78
"Index","score",1,72.19
"Index","score",2,72.15
"Index","score",3,72.13
"Index","score",4,72.01
"Index","score",5,71.96
"Index","score",6,71.72
"Index","score",7,72.2
"Index","score",8,72.34
"Index","score",9,73.69
"Index","score",10,68.63
"Index","score",11,73.02
"LE","future",0,100
"LE","future",1,100
"LE","future",2,100
"LE","future",3,100
"LE","future",4,100
"LE","future",5,100
"LE","future",6,100
"LE","future",7,100
"LE","future",8,100
"LE","future",9,100
"LE","future",10,100
"LE","future",11,100
"LE","pressures",1,
"LE","pressures",2,
"LE","pressures",3,
"LE","pressures",4,
"LE","pressures",5,
"LE","pressures",6,
"LE","pressures",7,
"LE","pressures",8,
"LE","pressures",9,
"LE","pressures",10,
"LE","pressures",11,
"LE","resilience",1,
"LE","resilience",2,
"LE","resilience",3,
"LE","resilience",4,
"LE","resilience",5,
"LE","resilience",6,
"LE","resilience",7,
"LE","resilience",8,
"LE","resilience",9,
"LE","resilience",10,
"LE","resilience",11,
"LE","score",0,100
"LE","score",1,100
"LE","score",2,100
"LE","score",3,100
"LE","score",4,100
"LE","score",5,100
"LE","score",6,100
"LE","score",7,100
"LE","score",8,100
"LE","score",9,100
"LE","score",10,100
"LE","score",11,100
"LE","status",0,100
"LE","status",1,100
"LE","status",2,100
"LE","status",3,100
"LE","status",4,100
"LE","status",5,100
"LE","status",6,100
"LE","status",7,100
"LE","status",8,100
"LE","status",9,100
"LE","status",10,100
"LE","status",11,100
"LE","trend",1,0.45
"LE","trend",2,0.45
"LE","trend",3,0.45
"LE","trend",4,0.45
"LE","trend",5,0.45
"LE","trend",6,0.45
"LE","trend",7,0.45
"LE","trend",8,0.45
"LE","trend",9,0.45
"LE","trend",10,0.45
"LE","trend",11,0.45
"LIV","future",0,100
"LIV","future",1,100
"LIV","future",2,100
"LIV","future",3,100
"LIV","future",4,100
"LIV","future",5,100
"LIV","future",6,100
"LIV","future",7,100
"LIV","future",8,100
"LIV","future",9,100
"LIV","future",10,100
"LIV","future",11,100
"LIV","pressures",1,11.74
"LIV","pressures",2,11.74
"LIV","pressures",3,11.74
"LIV","pressures",4,11.74
"LIV","pressures",5,11.74
"LIV","pressures",6,11.74
"LIV","pressures",7,11.74
"LIV","pressures",8,11.74
"LIV","pressures",9,11.74
"LIV","pressures",10,11.74
"LIV","pressures",11,11.74
"LIV","resilience",1,63.2
"LIV","resilience",2,63.2
"LIV","resilience",3,63.2
"LIV","resilience",4,63.2
"LIV","resilience",5,63.2
"LIV","resilience",6,63.2
"LIV","resilience",7,63.2
"LIV","resilience",8,63.2
"LIV","resilience",9,63.2
"LIV","resilience",10,63.2
"LIV","resilience",11,63.2
"LIV","score",0,100
"LIV","score",1,100
"LIV","score",2,100
"LIV","score",3,100
"LIV","score",4,100
"LIV","score",5,100
"LIV","score",6,100
"LIV","score",7,100
"LIV","score",8,100
"LIV","score",9,100
"LIV","score",10,100
"LIV","score",11,100
"LIV","status",0,100
"LIV","status",1,100
"LIV","status",2,100
"LIV","status",3,100
"LIV","status",4,100
"LIV","status",5,100
"LIV","status",6,100
"LIV","status",7,100
"LIV","status",8,100
"LIV","status",9,100
"LIV","status",10,100
"LIV","status",11,100
"LIV","trend",1,-0.11
"LIV","trend",2,-0.11
"LIV","trend",3,-0.11
"LIV","trend",4,-0.11
"LIV","trend",5,-0.11
"LIV","trend",6,-0.11
"LIV","trend",7,-0.11
"LIV","trend",8,-0.11
"LIV","trend",9,-0.11
"LIV","trend",10,-0.11
"LIV","trend",11,-0.11
"LSP","future",0,85.77
"LSP","future",1,100
"LSP","future",2,100
"LSP","future",3,100
"LSP","future",4,100
"LSP","future",5,100
"LSP","future",6,100
"LSP","future",7,100
"LSP","future",8,100
"LSP","future",9,100
"LSP","future",10,63.96
"LSP","future",11,100
"LSP","pressures",1,19.51
"LSP","pressures",2,19.48
"LSP","pressures",3,19.49
"LSP","pressures",4,19.62
"LSP","pressures",5,19.49
"LSP","pressures",6,19.53
"LSP","pressures",7,19.47
"LSP","pressures",8,19.47
"LSP","pressures",9,19.47
"LSP","pressures",10,19.47
"LSP","pressures",11,19.47
"LSP","resilience",1,75.19
"LSP","resilience",2,75.19
"LSP","resilience",3,75.19
"LSP","resilience",4,75.19
"LSP","resilience",5,75.19
"LSP","resilience",6,75.19
"LSP","resilience",7,75.19
"LSP","resilience",8,75.19
"LSP","resilience",9,75.19
"LSP","resilience",10,75.19
"LSP","resilience",11,75.19
"LSP","score",0,83.59
"LSP","score",1,100
"LSP","score",2,100
"LSP","score",3,100
"LSP","score",4,100
"LSP","score",5,100
"LSP","score",6,100
"LSP","score",7,100
"LSP","score",8,100
"LSP","score",9,100
"LSP","score",10,58.43
"LSP","score",11,100
"LSP","status",0,81.41
"LSP","status",1,100
"LSP","status",2,100
"LSP","status",3,100
"LSP","status",4,100
"LSP","status",5,100
"LSP","status",6,100
"LSP","status",7,100
"LSP","status",8,100
"LSP","status",9,100
"LSP","status",10,52.9
"LSP","status",11,100
"LSP","trend",1,0
"LSP","trend",2,0
"LSP","trend",3,0
"LSP","trend",4,0
"LSP","trend",5,0
"LSP","trend",6,0
"LSP","trend",7,0
"LSP","trend",8,0
"LSP","trend",9,0
"LSP","trend",10,0.04
"LSP","trend",11,0
"MAR","future",0,19.45
"MAR","future",1,0.05
"MAR","future",2,0.06
"MAR","future",3,0.04
"MAR","future",4,0.02
"MAR","future",5,0.35
"MAR","future",6,0.16
"MAR","future",7,4.34
"MAR","future",8,13.55
"MAR","future",9,100
"MAR","future",10,23.79
"MAR","future",11,78.27
"MAR","pressures",1,10.88
"MAR","pressures",2,10.88
"MAR","pressures",3,10.88
"MAR","pressures",4,10.88
"MAR","pressures",5,10.88
"MAR","pressures",6,10.88
"MAR","pressures",7,10.88
"MAR","pressures",8,10.88
"MAR","pressures",9,10.88
"MAR","pressures",10,10.88
"MAR","pressures",11,10.88
"MAR","resilience",1,71.81
"MAR","resilience",2,71.81
"MAR","resilience",3,71.81
"MAR","resilience",4,71.81
"MAR","resilience",5,71.81
"MAR","resilience",6,71.81
"MAR","resilience",7,71.81
"MAR","resilience",8,71.81
"MAR","resilience",9,71.81
"MAR","resilience",10,71.81
"MAR","resilience",11,71.81
"MAR","score",0,17.58
"MAR","score",1,0.04
"MAR","score",2,0.06
"MAR","score",3,0.03
"MAR","score",4,0.02
"MAR","score",5,0.32
"MAR","score",6,0.14
"MAR","score",7,3.96
"MAR","score",8,12.36
"MAR","score",9,100
"MAR","score",10,21.75
"MAR","score",11,69.84
"MAR","status",0,15.7
"MAR","status",1,0.04
"MAR","status",2,0.05
"MAR","status",3,0.03
"MAR","status",4,0.02
"MAR","status",5,0.29
"MAR","status",6,0.13
"MAR","status",7,3.59
"MAR","status",8,11.16
"MAR","status",9,100
"MAR","status",10,19.7
"MAR","status",11,61.4
"MAR","trend",1,0
"MAR","trend",2,0
"MAR","trend",3,0
"MAR","trend",4,0
"MAR","trend",5,0
"MAR","trend",6,0
"MAR","trend",7,0.01
"MAR","trend",8,0.02
"MAR","trend",9,-0.01
"MAR","trend",10,0.01
"MAR","trend",11,0.11
"NP","future",0,76.64
"NP","future",1,93.54
"NP","future",2,98.34
"NP","future",3,98.09
"NP","future",4,92.58
"NP","future",5,86.71
"NP","future",6,87.2
"NP","future",7,97.18
"NP","future",8,98.33
"NP","future",9,98.57
"NP","future",10,56.68
"NP","future",11,88.84
"NP","pressures",1,10.63
"NP","pressures",2,10.63
"NP","pressures",3,10.63
"NP","pressures",4,10.63
"NP","pressures",5,10.63
"NP","pressures",6,10.63
"NP","pressures",7,10.62
"NP","pressures",8,10.62
"NP","pressures",9,10.62
"NP","pressures",10,10.63
"NP","pressures",11,10.62
"NP","resilience",1,79.29
"NP","resilience",2,79.29
"NP","resilience",3,79.29
"NP","resilience",4,79.29
"NP","resilience",5,79.29
"NP","resilience",6,79.29
"NP","resilience",7,79.29
"NP","resilience",8,79.29
"NP","resilience",9,79.29
"NP","resilience",10,79.29
"NP","resilience",11,79.29
"NP","score",0,69.76
"NP","score",1,84.92
"NP","score",2,89.25
"NP","score",3,89.03
"NP","score",4,84.09
"NP","score",5,78.81
"NP","score",6,79.29
"NP","score",7,88.2
"NP","score",8,89.24
"NP","score",9,89.45
"NP","score",10,51.82
"NP","score",11,80.73
"NP","status",0,62.88
"NP","status",1,76.3
"NP","status",2,80.16
"NP","status",3,79.97
"NP","status",4,75.6
"NP","status",5,70.91
"NP","status",6,71.39
"NP","status",7,79.23
"NP","status",8,80.15
"NP","status",9,80.33
"NP","status",10,46.96
"NP","status",11,72.62
"NP","trend",1,0
"NP","trend",2,0
"NP","trend",3,0
"NP","trend",4,0
"NP","trend",5,-0.01
"NP","trend",6,-0.01
"NP","trend",7,0
"NP","trend",8,0
"NP","trend",9,0
"NP","trend",10,-0.03
"NP","trend",11,0
"SP","future",0,81.24
"SP","future",1,88.36
"SP","future",2,88.36
"SP","future",3,88.36
"SP","future",4,88.35
"SP","future",5,88.36
"SP","future",6,88.36
"SP","future",7,88.36
"SP","future",8,88.36
"SP","future",9,88.36
"SP","future",10,70.34
"SP","future",11,88.36
"SP","pressures",1,
"SP","pressures",2,
"SP","pressures",3,
"SP","pressures",4,
"SP","pressures",5,
"SP","pressures",6,
"SP","pressures",7,
"SP","pressures",8,
"SP","pressures",9,
"SP","pressures",10,
"SP","pressures",11,
"SP","resilience",1,
"SP","resilience",2,
"SP","resilience",3,
"SP","resilience",4,
"SP","resilience",5,
"SP","resilience",6,
"SP","resilience",7,
"SP","resilience",8,
"SP","resilience",9,
"SP","resilience",10,
"SP","resilience",11,
"SP","score",0,77.76
"SP","score",1,85.96
"SP","score",2,85.97
"SP","score",3,85.97
"SP","score",4,85.96
"SP","score",5,85.97
"SP","score",6,85.96
"SP","score",7,85.97
"SP","score",8,85.97
"SP","score",9,85.97
"SP","score",10,65.18
"SP","score",11,85.97
"SP","status",0,74.27
"SP","status",1,83.57
"SP","status",2,83.57
"SP","status",3,83.57
"SP","status",4,83.57
"SP","status",5,83.57
"SP","status",6,83.57
"SP","status",7,83.57
"SP","status",8,83.57
"SP","status",9,83.57
"SP","status",10,60.02
"SP","status",11,83.57
"SP","trend",1,-0.05
"SP","trend",2,-0.05
"SP","trend",3,-0.05
"SP","trend",4,-0.05
"SP","trend",5,-0.05
"SP","trend",6,-0.05
"SP","trend",7,-0.05
"SP","trend",8,-0.05
"SP","trend",9,-0.05
"SP","trend",10,-0.03
"SP","trend",11,-0.05
"SPP","future",0,96.19
"SPP","future",1,96.19
"SPP","future",2,96.19
"SPP","future",3,96.19
"SPP","future",4,96.17
"SPP","future",5,96.19
"SPP","future",6,96.19
"SPP","future",7,96.19
"SPP","future",8,96.19
"SPP","future",9,96.19
"SPP","future",10,96.19
"SPP","future",11,96.19
"SPP","pressures",1,16.92
"SPP","pressures",2,16.9
"SPP","pressures",3,16.91
"SPP","pressures",4,16.97
"SPP","pressures",5,16.91
"SPP","pressures",6,16.93
"SPP","pressures",7,16.9
"SPP","pressures",8,16.9
"SPP","pressures",9,16.9
"SPP","pressures",10,16.9
"SPP","pressures",11,16.9
"SPP","resilience",1,75.96
"SPP","resilience",2,75.96
"SPP","resilience",3,75.96
"SPP","resilience",4,75.96
"SPP","resilience",5,75.96
"SPP","resilience",6,75.96
"SPP","resilience",7,75.96
"SPP","resilience",8,75.96
"SPP","resilience",9,75.96
"SPP","resilience",10,75.96
"SPP","resilience",11,75.96
"SPP","score",0,90.21
"SPP","score",1,90.21
"SPP","score",2,90.21
"SPP","score",3,90.21
"SPP","score",4,90.2
"SPP","score",5,90.21
"SPP","score",6,90.2
"SPP","score",7,90.21
"SPP","score",8,90.21
"SPP","score",9,90.21
"SPP","score",10,90.21
"SPP","score",11,90.21
"SPP","status",0,84.22
"SPP","status",1,84.22
"SPP","status",2,84.22
"SPP","status",3,84.22
"SPP","status",4,84.22
"SPP","status",5,84.22
"SPP","status",6,84.22
"SPP","status",7,84.22
"SPP","status",8,84.22
"SPP","status",9,84.22
"SPP","status",10,84.22
"SPP","status",11,84.22
"SPP","trend",1,-0.08
"SPP","trend",2,-0.08
"SPP","trend",3,-0.08
"SPP","trend",4,-0.08
"SPP","trend",5,-0.08
"SPP","trend",6,-0.08
"SPP","trend",7,-0.08
"SPP","trend",8,-0.08
"SPP","trend",9,-0.08
"SPP","trend",10,-0.08
"SPP","trend",11,-0.08
"TR","future",0,100
"TR","future",1,100
"TR","future",2,100
"TR","future",3,100
"TR","future",4,100
"TR","future",5,100
"TR","future",6,100
"TR","future",7,100
"TR","future",8,100
"TR","future",9,100
"TR","future",10,100
"TR","future",11,100
"TR","pressures",1,26.93
"TR","pressures",2,26.93
"TR","pressures",3,26.93
"TR","pressures",4,26.93
"TR","pressures",5,26.93
"TR","pressures",6,26.93
"TR","pressures",7,26.93
"TR","pressures",8,26.93
"TR","pressures",9,26.93
"TR","pressures",10,26.93
"TR","pressures",11,26.93
"TR","resilience",1,66.1
"TR","resilience",2,66.1
"TR","resilience",3,66.1
"TR","resilience",4,66.1
"TR","resilience",5,66.1
"TR","resilience",6,66.1
"TR","resilience",7,66.1
"TR","resilience",8,66.1
"TR","resilience",9,66.1
"TR","resilience",10,66.1
"TR","resilience",11,66.1
"TR","score",0,100
"TR","score",1,100
"TR","score",2,100
"TR","score",3,100
"TR","score",4,100
"TR","score",5,100
"TR","score",6,100
"TR","score",7,100
"TR","score",8,100
"TR","score",9,100
"TR","score",10,100
"TR","score",11,100
"TR","status",0,100
"TR","status",1,100
"TR","status",2,100
"TR","status",3,100
"TR","status",4,100
"TR","status",5,100
"TR","status",6,100
"TR","status",7,100
"TR","status",8,100
"TR","status",9,100
"TR","status",10,100
"TR","status",11,100
"TR","trend",1,-0.15
"TR","trend",2,-0.15
"TR","trend",3,-0.15
"TR","trend",4,-0.15
"TR","trend",5,-0.15
"TR","trend",6,-0.15
"TR","trend",7,-0.15
"TR","trend",8,-0.15
"TR","trend",9,-0.15
"TR","trend",10,-0.15
"TR","trend",11,-0.15
